-- ============================================================================
-- Deterministic Seed Data for Local Development
-- courtside: Cedar Valley Hoops
-- ============================================================================

-- Organization
insert into public.organizations (id, name, slug, branding, created_at)
values ('00000000-0000-4000-8000-000000000001', 'Cedar Valley Hoops', 'cedar-valley-hoops', '{}', now());

-- Divisions
insert into public.divisions (id, organization_id, name, sort_order, created_at)
values
  ('00000000-0000-4000-8000-000000000101', '00000000-0000-4000-8000-000000000001', 'Boys 12U', 0, now()),
  ('00000000-0000-4000-8000-000000000102', '00000000-0000-4000-8000-000000000001', 'Girls 14U', 1, now());

-- Season
insert into public.seasons (id, organization_id, name, starts_on, ends_on, created_at)
values ('00000000-0000-4000-8000-000000000201', '00000000-0000-4000-8000-000000000001', '2026-27 Winter', '2026-11-01', '2027-03-15', now());

-- Teams
insert into public.teams (id, organization_id, division_id, name, created_at)
values
  ('00000000-0000-4000-8000-000000000301', '00000000-0000-4000-8000-000000000001', '00000000-0000-4000-8000-000000000101', 'Cedar Valley Boys 1', now()),
  ('00000000-0000-4000-8000-000000000302', '00000000-0000-4000-8000-000000000001', '00000000-0000-4000-8000-000000000101', 'Cedar Valley Boys 2', now()),
  ('00000000-0000-4000-8000-000000000303', '00000000-0000-4000-8000-000000000001', '00000000-0000-4000-8000-000000000102', 'Cedar Valley Girls 1', now()),
  ('00000000-0000-4000-8000-000000000304', '00000000-0000-4000-8000-000000000001', '00000000-0000-4000-8000-000000000102', 'Cedar Valley Girls 2', now());

-- Team Seasons
insert into public.team_seasons (id, organization_id, team_id, season_id, created_at)
values
  ('00000000-0000-4000-8000-000000000401', '00000000-0000-4000-8000-000000000001', '00000000-0000-4000-8000-000000000301', '00000000-0000-4000-8000-000000000201', now()),
  ('00000000-0000-4000-8000-000000000402', '00000000-0000-4000-8000-000000000001', '00000000-0000-4000-8000-000000000302', '00000000-0000-4000-8000-000000000201', now()),
  ('00000000-0000-4000-8000-000000000403', '00000000-0000-4000-8000-000000000001', '00000000-0000-4000-8000-000000000303', '00000000-0000-4000-8000-000000000201', now()),
  ('00000000-0000-4000-8000-000000000404', '00000000-0000-4000-8000-000000000001', '00000000-0000-4000-8000-000000000304', '00000000-0000-4000-8000-000000000201', now());

-- Persons (Players)
insert into public.persons (id, organization_id, first_name, last_name, date_of_birth, email, phone, photo_path, custom_fields, created_at, updated_at)
values
  ('00000000-0000-4000-8000-000000010001', '00000000-0000-4000-8000-000000000001', 'Alex', 'Thompson', '2014-03-15', 'alex.thompson@example.com', '555-0101', null, '{}', now(), now()),
  ('00000000-0000-4000-8000-000000010002', '00000000-0000-4000-8000-000000000001', 'Bailey', 'Carter', '2012-07-22', 'bailey.carter@example.com', '555-0102', null, '{}', now(), now()),
  ('00000000-0000-4000-8000-000000010003', '00000000-0000-4000-8000-000000000001', 'Casey', 'Mitchell', '2015-11-08', 'casey.mitchell@example.com', '555-0103', null, '{}', now(), now()),
  ('00000000-0000-4000-8000-000000010004', '00000000-0000-4000-8000-000000000001', 'Dakota', 'Lee', '2013-05-14', 'dakota.lee@example.com', '555-0104', null, '{}', now(), now()),
  ('00000000-0000-4000-8000-000000010005', '00000000-0000-4000-8000-000000000001', 'Emma', 'Wilson', '2016-01-30', 'emma.wilson@example.com', '555-0105', null, '{}', now(), now()),
  ('00000000-0000-4000-8000-000000010006', '00000000-0000-4000-8000-000000000001', 'Fin', 'Jackson', '2014-09-18', 'fin.jackson@example.com', '555-0106', null, '{}', now(), now()),
  ('00000000-0000-4000-8000-000000010007', '00000000-0000-4000-8000-000000000001', 'Grace', 'Bennett', '2012-12-25', 'grace.bennett@example.com', '555-0107', null, '{}', now(), now()),
  ('00000000-0000-4000-8000-000000010008', '00000000-0000-4000-8000-000000000001', 'Hunter', 'Hayes', '2015-06-10', 'hunter.hayes@example.com', '555-0108', null, '{}', now(), now()),
  ('00000000-0000-4000-8000-000000010009', '00000000-0000-4000-8000-000000000001', 'Iris', 'Murphy', '2013-04-03', 'iris.murphy@example.com', '555-0109', null, '{}', now(), now()),
  ('00000000-0000-4000-8000-000000010010', '00000000-0000-4000-8000-000000000001', 'Jacob', 'Cooper', '2016-08-21', 'jacob.cooper@example.com', '555-0110', null, '{}', now(), now()),
  ('00000000-0000-4000-8000-000000010011', '00000000-0000-4000-8000-000000000001', 'Kylie', 'Anderson', '2014-02-14', 'kylie.anderson@example.com', '555-0111', null, '{}', now(), now()),
  ('00000000-0000-4000-8000-000000010012', '00000000-0000-4000-8000-000000000001', 'Logan', 'Price', '2012-10-17', 'logan.price@example.com', '555-0112', null, '{}', now(), now()),
  ('00000000-0000-4000-8000-000000010013', '00000000-0000-4000-8000-000000000001', 'Maya', 'Roberts', '2015-03-28', 'maya.roberts@example.com', '555-0113', null, '{}', now(), now()),
  ('00000000-0000-4000-8000-000000010014', '00000000-0000-4000-8000-000000000001', 'Noah', 'Edwards', '2013-11-05', 'noah.edwards@example.com', '555-0114', null, '{}', now(), now()),
  ('00000000-0000-4000-8000-000000010015', '00000000-0000-4000-8000-000000000001', 'Olivia', 'Taylor', '2016-07-12', 'olivia.taylor@example.com', '555-0115', null, '{}', now(), now()),
  ('00000000-0000-4000-8000-000000010016', '00000000-0000-4000-8000-000000000001', 'Parker', 'Collins', '2014-06-09', 'parker.collins@example.com', '555-0116', null, '{}', now(), now());

-- Persons (Parents)
insert into public.persons (id, organization_id, first_name, last_name, date_of_birth, email, phone, photo_path, custom_fields, created_at, updated_at)
values
  ('00000000-0000-4000-8000-000000020001', '00000000-0000-4000-8000-000000000001', 'Alice', 'Thompson', null, 'alice.thompson@example.com', '555-0117', null, '{}', now(), now()),
  ('00000000-0000-4000-8000-000000020002', '00000000-0000-4000-8000-000000000001', 'Blake', 'Carter', null, 'blake.carter@example.com', '555-0118', null, '{}', now(), now()),
  ('00000000-0000-4000-8000-000000020003', '00000000-0000-4000-8000-000000000001', 'Cameron', 'Mitchell', null, 'cameron.mitchell@example.com', '555-0119', null, '{}', now(), now()),
  ('00000000-0000-4000-8000-000000020004', '00000000-0000-4000-8000-000000000001', 'Dana', 'Lee', null, 'dana.lee@example.com', '555-0120', null, '{}', now(), now()),
  ('00000000-0000-4000-8000-000000020005', '00000000-0000-4000-8000-000000000001', 'Evan', 'Wilson', null, 'evan.wilson@example.com', '555-0121', null, '{}', now(), now()),
  ('00000000-0000-4000-8000-000000020006', '00000000-0000-4000-8000-000000000001', 'Fiona', 'Jackson', null, 'fiona.jackson@example.com', '555-0122', null, '{}', now(), now());

-- Persons (Coaches)
insert into public.persons (id, organization_id, first_name, last_name, date_of_birth, email, phone, photo_path, custom_fields, created_at, updated_at)
values
  ('00000000-0000-4000-8000-000000030001', '00000000-0000-4000-8000-000000000001', 'Grant', 'Mason', '1985-05-10', 'grant.mason@example.com', '555-0123', null, '{}', now(), now()),
  ('00000000-0000-4000-8000-000000030002', '00000000-0000-4000-8000-000000000001', 'Harper', 'Quinn', '1988-11-20', 'harper.quinn@example.com', '555-0124', null, '{}', now(), now());

-- Guardianships
-- Family 1: Alice (001) and Blake (002) both guard Alex (001) and Grace (007) - 4 rows
-- Family 2: Cameron (003) guards Bailey (002), Iris (009), Maya (013), Noah (014) - 4 rows
-- Family 3: Dana (004) guards Casey (003), Jacob (010), Olivia (015) - 3 rows
-- Family 4: Evan (005) guards Dakota (004), Kylie (011), Parker (016) - 3 rows
-- Family 5: Fiona (006) guards Emma (005), Fin (006), Hunter (008), Logan (012) - 4 rows
insert into public.guardianships (id, organization_id, guardian_person_id, player_person_id, relationship, created_at)
values
  ('00000000-0000-4000-8000-000000040001', '00000000-0000-4000-8000-000000000001', '00000000-0000-4000-8000-000000020001', '00000000-0000-4000-8000-000000010001', 'parent', now()),
  ('00000000-0000-4000-8000-000000040002', '00000000-0000-4000-8000-000000000001', '00000000-0000-4000-8000-000000020002', '00000000-0000-4000-8000-000000010001', 'parent', now()),
  ('00000000-0000-4000-8000-000000040003', '00000000-0000-4000-8000-000000000001', '00000000-0000-4000-8000-000000020001', '00000000-0000-4000-8000-000000010007', 'parent', now()),
  ('00000000-0000-4000-8000-000000040004', '00000000-0000-4000-8000-000000000001', '00000000-0000-4000-8000-000000020002', '00000000-0000-4000-8000-000000010007', 'parent', now()),
  ('00000000-0000-4000-8000-000000040005', '00000000-0000-4000-8000-000000000001', '00000000-0000-4000-8000-000000020003', '00000000-0000-4000-8000-000000010002', 'parent', now()),
  ('00000000-0000-4000-8000-000000040006', '00000000-0000-4000-8000-000000000001', '00000000-0000-4000-8000-000000020003', '00000000-0000-4000-8000-000000010009', 'parent', now()),
  ('00000000-0000-4000-8000-000000040007', '00000000-0000-4000-8000-000000000001', '00000000-0000-4000-8000-000000020003', '00000000-0000-4000-8000-000000010014', 'parent', now()),
  ('00000000-0000-4000-8000-000000040008', '00000000-0000-4000-8000-000000000001', '00000000-0000-4000-8000-000000020004', '00000000-0000-4000-8000-000000010003', 'parent', now()),
  ('00000000-0000-4000-8000-000000040009', '00000000-0000-4000-8000-000000000001', '00000000-0000-4000-8000-000000020004', '00000000-0000-4000-8000-000000010010', 'parent', now()),
  ('00000000-0000-4000-8000-000000040010', '00000000-0000-4000-8000-000000000001', '00000000-0000-4000-8000-000000020004', '00000000-0000-4000-8000-000000010015', 'parent', now()),
  ('00000000-0000-4000-8000-000000040011', '00000000-0000-4000-8000-000000000001', '00000000-0000-4000-8000-000000020005', '00000000-0000-4000-8000-000000010004', 'parent', now()),
  ('00000000-0000-4000-8000-000000040012', '00000000-0000-4000-8000-000000000001', '00000000-0000-4000-8000-000000020005', '00000000-0000-4000-8000-000000010011', 'parent', now()),
  ('00000000-0000-4000-8000-000000040013', '00000000-0000-4000-8000-000000000001', '00000000-0000-4000-8000-000000020005', '00000000-0000-4000-8000-000000010016', 'parent', now()),
  ('00000000-0000-4000-8000-000000040014', '00000000-0000-4000-8000-000000000001', '00000000-0000-4000-8000-000000020006', '00000000-0000-4000-8000-000000010005', 'parent', now()),
  ('00000000-0000-4000-8000-000000040015', '00000000-0000-4000-8000-000000000001', '00000000-0000-4000-8000-000000020006', '00000000-0000-4000-8000-000000010006', 'parent', now()),
  ('00000000-0000-4000-8000-000000040016', '00000000-0000-4000-8000-000000000001', '00000000-0000-4000-8000-000000020006', '00000000-0000-4000-8000-000000010008', 'parent', now()),
  ('00000000-0000-4000-8000-000000040017', '00000000-0000-4000-8000-000000000001', '00000000-0000-4000-8000-000000020006', '00000000-0000-4000-8000-000000010012', 'parent', now()),
  ('00000000-0000-4000-8000-000000040018', '00000000-0000-4000-8000-000000000001', '00000000-0000-4000-8000-000000020003', '00000000-0000-4000-8000-000000010013', 'parent', now());

-- Roster Memberships
-- Boys Team 1 (team_season 401): Players 1,2,3,4 + Coach 1
insert into public.roster_memberships (id, organization_id, team_season_id, person_id, role, jersey_number, created_at)
values
  ('00000000-0000-4000-8000-000000060001', '00000000-0000-4000-8000-000000000001', '00000000-0000-4000-8000-000000000401', '00000000-0000-4000-8000-000000010001', 'player', '1', now()),
  ('00000000-0000-4000-8000-000000060002', '00000000-0000-4000-8000-000000000001', '00000000-0000-4000-8000-000000000401', '00000000-0000-4000-8000-000000010002', 'player', '2', now()),
  ('00000000-0000-4000-8000-000000060003', '00000000-0000-4000-8000-000000000001', '00000000-0000-4000-8000-000000000401', '00000000-0000-4000-8000-000000010003', 'player', '3', now()),
  ('00000000-0000-4000-8000-000000060004', '00000000-0000-4000-8000-000000000001', '00000000-0000-4000-8000-000000000401', '00000000-0000-4000-8000-000000010004', 'player', '4', now()),
  ('00000000-0000-4000-8000-000000060005', '00000000-0000-4000-8000-000000000001', '00000000-0000-4000-8000-000000000401', '00000000-0000-4000-8000-000000030001', 'coach', null, now()),
  -- Boys Team 2 (team_season 402): Players 5,6,7,8 + Coach 2
  ('00000000-0000-4000-8000-000000060006', '00000000-0000-4000-8000-000000000001', '00000000-0000-4000-8000-000000000402', '00000000-0000-4000-8000-000000010005', 'player', '1', now()),
  ('00000000-0000-4000-8000-000000060007', '00000000-0000-4000-8000-000000000001', '00000000-0000-4000-8000-000000000402', '00000000-0000-4000-8000-000000010006', 'player', '2', now()),
  ('00000000-0000-4000-8000-000000060008', '00000000-0000-4000-8000-000000000001', '00000000-0000-4000-8000-000000000402', '00000000-0000-4000-8000-000000010007', 'player', '3', now()),
  ('00000000-0000-4000-8000-000000060009', '00000000-0000-4000-8000-000000000001', '00000000-0000-4000-8000-000000000402', '00000000-0000-4000-8000-000000010008', 'player', '4', now()),
  ('00000000-0000-4000-8000-000000060010', '00000000-0000-4000-8000-000000000001', '00000000-0000-4000-8000-000000000402', '00000000-0000-4000-8000-000000030002', 'coach', null, now()),
  -- Girls Team 1 (team_season 403): Players 9,10,11,12 + Coach 1
  ('00000000-0000-4000-8000-000000060011', '00000000-0000-4000-8000-000000000001', '00000000-0000-4000-8000-000000000403', '00000000-0000-4000-8000-000000010009', 'player', '1', now()),
  ('00000000-0000-4000-8000-000000060012', '00000000-0000-4000-8000-000000000001', '00000000-0000-4000-8000-000000000403', '00000000-0000-4000-8000-000000010010', 'player', '2', now()),
  ('00000000-0000-4000-8000-000000060013', '00000000-0000-4000-8000-000000000001', '00000000-0000-4000-8000-000000000403', '00000000-0000-4000-8000-000000010011', 'player', '3', now()),
  ('00000000-0000-4000-8000-000000060014', '00000000-0000-4000-8000-000000000001', '00000000-0000-4000-8000-000000000403', '00000000-0000-4000-8000-000000010012', 'player', '4', now()),
  ('00000000-0000-4000-8000-000000060015', '00000000-0000-4000-8000-000000000001', '00000000-0000-4000-8000-000000000403', '00000000-0000-4000-8000-000000030001', 'coach', null, now()),
  -- Girls Team 2 (team_season 404): Players 13,14,15,16 + Coach 2
  ('00000000-0000-4000-8000-000000060016', '00000000-0000-4000-8000-000000000001', '00000000-0000-4000-8000-000000000404', '00000000-0000-4000-8000-000000010013', 'player', '1', now()),
  ('00000000-0000-4000-8000-000000060017', '00000000-0000-4000-8000-000000000001', '00000000-0000-4000-8000-000000000404', '00000000-0000-4000-8000-000000010014', 'player', '2', now()),
  ('00000000-0000-4000-8000-000000060018', '00000000-0000-4000-8000-000000000001', '00000000-0000-4000-8000-000000000404', '00000000-0000-4000-8000-000000010015', 'player', '3', now()),
  ('00000000-0000-4000-8000-000000060019', '00000000-0000-4000-8000-000000000001', '00000000-0000-4000-8000-000000000404', '00000000-0000-4000-8000-000000010016', 'player', '4', now()),
  ('00000000-0000-4000-8000-000000060020', '00000000-0000-4000-8000-000000000001', '00000000-0000-4000-8000-000000000404', '00000000-0000-4000-8000-000000030002', 'coach', null, now());

-- Channels (all-hands only, no members per spec)
insert into public.channels (id, organization_id, team_season_id, name, is_all_hands, is_read_only, created_by, created_at)
values
  ('00000000-0000-4000-8000-000000070001', '00000000-0000-4000-8000-000000000001', '00000000-0000-4000-8000-000000000401', 'Cedar Valley Boys 1', true, false, null, now()),
  ('00000000-0000-4000-8000-000000070002', '00000000-0000-4000-8000-000000000001', '00000000-0000-4000-8000-000000000402', 'Cedar Valley Boys 2', true, false, null, now()),
  ('00000000-0000-4000-8000-000000070003', '00000000-0000-4000-8000-000000000001', '00000000-0000-4000-8000-000000000403', 'Cedar Valley Girls 1', true, false, null, now()),
  ('00000000-0000-4000-8000-000000070004', '00000000-0000-4000-8000-000000000001', '00000000-0000-4000-8000-000000000404', 'Cedar Valley Girls 2', true, false, null, now());
